ticker,signal,confidence,thesis,timestamp
SUNPHARMA.NS,cleared,0.5,"HOLD — SUNPHARMA.NS showing mixed signals, technical structure neutral (RSI 20.0, neutral trend), macro regime (NEUTRAL) does not provide clear directional bias.",2026-08-18T04:00:26.286687Z
TRENT.NS,cleared,0.5,"HOLD — TRENT.NS showing mixed signals, technical structure neutral (RSI 50.8, neutral trend), macro regime (NEUTRAL) does not provide clear directional bias.",2026-08-18T04:00:25.869152Z
BAJFINANCE.NS,cleared,0.5,"HOLD — BAJFINANCE.NS showing mixed signals, technical structure neutral (RSI 57.6, neutral trend), macro regime (NEUTRAL) does not provide clear directional bias.",2026-08-18T04:00:25.444007Z
HCLTECH.NS,cleared,0.5,"HOLD — HCLTECH.NS showing mixed signals, technical structure neutral (RSI 48.0, neutral trend), macro regime (NEUTRAL) does not provide clear directional bias.",2026-08-18T04:00:24.986761Z
KOTAKBANK.NS,cleared,0.5,"HOLD — KOTAKBANK.NS showing mixed signals, technical structure neutral (RSI 57.1, neutral trend), macro regime (NEUTRAL) does not provide clear directional bias.",2026-08-18T04:00:24.579507Z
ITC.NS,cleared,0.45,"HOLD — ITC.NS showing mixed signals, technical structure neutral (RSI 30.6, neutral trend), macro regime (NEUTRAL) does not provide clear directional bias.",2026-08-18T04:00:23.878832Z
BHARTIARTL.NS,cleared,0.5,"HOLD — BHARTIARTL.NS showing mixed signals, technical structure neutral (RSI 47.8, neutral trend), macro regime (NEUTRAL) does not provide clear directional bias.",2026-08-18T04:00:23.355086Z
SBIN.NS,cleared,0.5,"HOLD — SBIN.NS showing mixed signals, technical structure neutral (RSI 65.1, neutral trend), macro regime (NEUTRAL) does not provide clear directional bias.",2026-08-18T04:00:22.934271Z
INFY.NS,cleared,0.5,"HOLD — INFY.NS showing mixed signals, technical structure neutral (RSI 41.1, neutral trend), macro regime (NEUTRAL) does not provide clear directional bias.",2026-08-18T04:00:22.583432Z
HDFCBANK.NS,cleared,0.5,"HOLD — HDFCBANK.NS showing mixed signals, technical structure neutral (RSI 28.7, neutral trend), macro regime (NEUTRAL) does not provide clear directional bias.",2026-08-18T04:00:22.220291Z
TCS.NS,cleared,0.5,"HOLD — TCS.NS showing mixed signals, technical structure neutral (RSI 37.7, neutral trend), macro regime (NEUTRAL) does not provide clear directional bias.",2026-08-18T04:00:21.870928Z
RELIANCE.NS,cleared,0.5,"HOLD — RELIANCE.NS showing mixed signals, technical structure neutral (RSI 62.6, neutral trend), macro regime (NEUTRAL) does not provide clear directional bias.",2026-08-18T04:00:21.497792Z
SUNPHARMA.NS,cleared,0.7,"BUY signal supported by, consolidating price action near equilibrium levels, risk-on macro regime (VIX 15.19, 10Y 4.724%) providing favorable backdrop.",2026-08-18T03:15:16.161527Z
TRENT.NS,cleared,0.55,"HOLD — TRENT.NS showing mixed signals, technical structure neutral (RSI 51.7, neutral trend), macro regime (RISK_ON) does not provide clear directional bias.",2026-08-18T03:15:15.550331Z
BAJFINANCE.NS,cleared,0.55,"HOLD — BAJFINANCE.NS showing mixed signals, technical structure neutral (RSI 58.4, neutral trend), macro regime (RISK_ON) does not provide clear directional bias.",2026-08-18T03:15:15.081241Z
HCLTECH.NS,cleared,0.55,"HOLD — HCLTECH.NS showing mixed signals, technical structure neutral (RSI 63.2, neutral trend), macro regime (RISK_ON) does not provide clear directional bias.",2026-08-18T03:15:14.654640Z
KOTAKBANK.NS,cleared,0.55,"HOLD — KOTAKBANK.NS showing mixed signals, technical structure neutral (RSI 60.3, neutral trend), macro regime (RISK_ON) does not provide clear directional bias.",2026-08-18T03:15:14.169388Z
ITC.NS,cleared,0.5,"HOLD — ITC.NS showing mixed signals, technical structure neutral (RSI 33.8, neutral trend), macro regime (RISK_ON) does not provide clear directional bias.",2026-08-18T03:15:13.646164Z
BHARTIARTL.NS,cleared,0.55,"HOLD — BHARTIARTL.NS showing mixed signals, technical structure neutral (RSI 62.1, neutral trend), macro regime (RISK_ON) does not provide clear directional bias.",2026-08-18T03:15:13.174335Z
SBIN.NS,cleared,0.55,"HOLD — SBIN.NS showing mixed signals, technical structure neutral (RSI 65.1, neutral trend), macro regime (RISK_ON) does not provide clear directional bias.",2026-08-18T03:15:12.700378Z
INFY.NS,cleared,0.55,"HOLD — INFY.NS showing mixed signals, technical structure neutral (RSI 57.4, neutral trend), macro regime (RISK_ON) does not provide clear directional bias.",2026-08-18T03:15:12.142902Z
HDFCBANK.NS,cleared,0.55,"HOLD — HDFCBANK.NS showing mixed signals, technical structure neutral (RSI 44.8, neutral trend), macro regime (RISK_ON) does not provide clear directional bias.",2026-08-18T03:15:11.533406Z
TCS.NS,cleared,0.55,"HOLD — TCS.NS showing mixed signals, technical structure neutral (RSI 43.5, neutral trend), macro regime (RISK_ON) does not provide clear directional bias.",2026-08-18T03:15:10.951890Z
RELIANCE.NS,cleared,0.55,"HOLD — RELIANCE.NS showing mixed signals, technical structure neutral (RSI 63.0, neutral trend), macro regime (RISK_ON) does not provide clear directional bias.",2026-08-18T03:15:10.502215Z
SUNPHARMA.NS,cleared,0.7,"SUNPHARMA.NS is trading marginally above its 50‑day SMA (1917.5 vs 1904.2) with an RSI of 28.1 indicating oversold conditions and a positive MACD (+4.35) that points to emerging bullish momentum despite light volume. The prevailing risk‑on environment—characterized by a low VIX (14.25), stable credit conditions and ample liquidity—has historically benefitted defensive sectors such as healthcare, and recent 13F filings show renewed institutional allocation to the space. Accordingly, we initiate a BUY on SUNPHARMA.NS, targeting a move toward the upper bound of its 52‑week range.",2026-08-17T04:07:20.708414Z
TRENT.NS,cleared,0.55,"The stock is trading marginally beneath its 50‑day SMA (≈ 2976 vs 3016) with a neutral trend, mid‑range RSI (55.4) and a modestly positive MACD (3.85) on light volume, suggesting limited near‑term directional impetus. In a risk‑on backdrop—characterized by a low VIX (14.3), stable credit spreads, and a 10‑year Treasury yield near 4.7%—the broader consumer‑cyclical sector remains vulnerable to inflation‑linked cost pressures, while the modest institutional interest reflected in three recent 13F filings signals no fresh accumulation. Consequently, the balance of technical, macro and positioning factors supports a HOLD rating on TRENT.NS.",2026-08-17T04:07:19.601716Z
BAJFINANCE.NS,cleared,0.55,"BAJFINANCE trades marginally above its 50‑day SMA (1083.3 vs 1025.3) with a neutral price trend, RSI at 57.1 and a modestly positive MACD of 19.66, while volume remains light (≈0.05× average), suggesting limited near‑term conviction. The prevailing risk‑on environment—low VIX (14.25), 10‑year Treasury yields near 4.7% and stable credit conditions—provides sector‑wide support for financial services, yet recent 13F filings show only modest institutional accumulation, indicating continued caution. Accordingly, we maintain a HOLD rating, reflecting a balanced view between technical resilience and the absence of decisive macro‑driven catalysts.",2026-08-17T04:06:23.706489Z
HCLTECH.NS,cleared,0.55,"HCL Technologies (HCLTECH.NS) trades modestly above its 50‑day SMA (1343.3 vs 1208.6) with a neutral trend, RSI at 57.1 and a positive MACD (+44.0), suggesting limited upside momentum amid light trading volume (≈0.03× average). The stock benefits from the prevailing risk‑on backdrop—low VIX (14.3), stable credit spreads (10‑yr Treasury 4.70%) and ample liquidity—yet the broader technology sector has seen modest institutional accumulation, reflected in three recent 13F filings, which supports a neutral stance rather than a directional call. Consequently, we maintain a HOLD rating, acknowledging the stock’s near‑term price stability while awaiting clearer catalysts.",2026-08-17T04:06:22.894696Z
KOTAKBANK.NS,cleared,0.55,"The stock trades marginally above its 50‑day SMA at 392.75, with a neutral price trend, RSI 60.3 and a modestly positive MACD (1.42), indicating limited upside momentum amid thin liquidity (≈0.03 × average volume). In the prevailing risk‑on environment—low VIX (14.25), stable credit conditions, and ample liquidity—financial services remain broadly supported, yet only three recent 13F filings signal modest institutional accumulation, offering no decisive conviction. Consequently, we maintain a HOLD rating pending clearer directional catalysts.",2026-08-17T04:06:22.277398Z
ITC.NS,cleared,0.5,"The stock is trading in a neutral trend, with price at ₹276.15 below the 50‑day SMA (₹284.68), an RSI of 37 and a MACD of –1.85 indicating modest oversold pressure but no clear directional bias, while thin trading (≈0.07× average) suggests limited short‑term catalyst. In the broader risk‑on backdrop—characterized by a low VIX (14.25), a 10‑year Treasury yield near 4.7% and stable commodity prices—equity markets are broadly supported, yet consumer‑defensive names such as ITC often underperform relative to growth‑oriented peers. Recent 13F filings show only modest reallocation within the sector, reinforcing a view that institutional demand is muted; consequently, the balance of technical weakness and neutral macro drivers supports a HOLD positioning.",2026-08-17T04:06:21.385106Z
BHARTIARTL.NS,cleared,0.55,"The stock is trading marginally above its 50‑day SMA (₹1,987.2 vs ₹1,891.7) with a neutral trend, an RSI of 66.4 and a modestly positive MACD (+21.1), suggesting limited upside momentum amid light volume (≈0.2× average) and a price positioned near the upper end of its 52‑week range (₹1,718.9‑2,031.0). In the prevailing risk‑on backdrop—characterized by a low VIX (14.25), stable credit spreads (10‑year Treasury at 4.70%) and ample liquidity—the communication services sector remains broadly supported, yet recent 13F filings show only modest reallocation to the space, implying that institutional demand is not accelerating. Consequently, the balance of technical modesty, macro risk‑on conditions, and muted institutional inflows justifies a HOLD stance on BHARTIARTL.NS.",2026-08-17T04:06:20.268771Z
SBIN.NS,cleared,0.55,"The stock is trading marginally above its 50‑day SMA (1057 vs 1037.5) with a neutral trend, a 63.5 RSI and a positive MACD (+12.2), but the light 0.04× average volume indicates limited conviction in the near term. In the prevailing risk‑on regime—characterized by a low VIX (14.3), stable credit conditions and a 10‑year Treasury yield near 4.7%—financials benefit from ample liquidity, yet elevated rates constrain net interest margins, tempering upside. Recent 13F filings show modest positioning by institutional investors in the financial services sector without a decisive shift, supporting a HOLD stance pending clearer directional catalysts.",2026-08-17T04:05:22.412057Z
INFY.NS,cleared,0.55,"The stock trades marginally above its 50‑day SMA (1152.5 vs 1103.8) with a neutral trend, an RSI of 65 and a positive MACD (+23.6), yet the light 0.03× average volume limits the reliability of the bullish signals. In the current risk‑on backdrop—characterized by a low VIX (14.3), stable 10‑year Treasury yields (4.70%), and supportive liquidity—the broader technology sector remains attractive, but Infosys shows no fresh institutional accumulation, as evidenced by only three recent 13F filings. Consequently, the balance of technical momentum, macro conditions, and unchanged institutional positioning justifies a HOLD stance.",2026-08-17T04:05:21.726026Z
HDFCBANK.NS,cleared,0.55,"HDFCBANK.NS trades in a neutral technical context, with price (₹725.85) comfortably below the 50‑day SMA (₹769.86), a sub‑50 RSI (42.1) and a bearish MACD divergence (‑14.64) that together suggest limited upside momentum and modest downside risk, especially given the light 0.04× average volume. The broader risk‑on regime—characterized by a low VIX (14.25), stable credit conditions, and ample liquidity—mitigates systemic concerns for Indian banks, but the stock’s proximity to the lower end of its 52‑week range (₹714.83‑₹914.08) tempers the case for a near‑term rally. Recent 13F filings indicate continued institutional exposure within the financial services sector, reinforcing a balanced stance; consequently, we maintain a HOLD rating pending clearer directional catalysts.",2026-08-17T04:05:21.016237Z
TCS.NS,cleared,0.55,"With price modestly above the 50‑day SMA (2327.4 vs 2218.3) while RSI sits at 44.4 and MACD remains positive, the chart reflects a neutral bias and limited upside momentum, further dampened by light volume (≈0.08× average). The prevailing risk‑on environment—VIX near 14, 10‑year Treasury yields under 5% and stable credit conditions—supports the broader technology sector, yet recent 13F filings reveal only modest institutional accumulation. Accordingly, we maintain a HOLD on TCS.NS, balancing technical modesty, supportive macro fundamentals, and muted institutional demand.",2026-08-17T04:05:20.421710Z
RELIANCE.NS,cleared,0.55,"The stock trades marginally above its 50‑day SMA (1306.5 vs 1302.8) with a neutral price trend, a modestly elevated RSI (60.6) and a positive MACD (+4.28), while volume remains thin (≈ 0.09× average), suggesting limited near‑term directional bias. In the prevailing risk‑on backdrop—characterized by a low VIX (14.25), a 10‑year Treasury yield near 4.7% and stable commodity prices (oil at $82.4, gold at $4,380)—the broader market environment supports equity participation but does not materially alter the stock’s intrinsic valuation. Recent 13F filings indicate modest institutional exposure within the energy sector, reinforcing a view that the current price level reflects a fair valuation, warranting a HOLD stance.",2026-08-17T04:05:19.769727Z
SUNPHARMA.NS,cleared,0.7,"The stock is trading marginally above its 50‑day SMA (₹1,930 vs ₹1,898) with a neutral trend, a low RSI of 32.6 and a positive MACD (+8.08), suggesting oversold momentum and a near‑term upside bias despite light volume. This technical backdrop aligns with a risk‑on macro regime—characterized by a subdued VIX (14.25), stable credit spreads and ample liquidity—that is supportive of cyclical and growth‑oriented equities, including healthcare. Moreover, three recent 13F filings have added to Sun Pharma’s exposure, reflecting institutional confidence in the sector’s defensive profile and positioning the stock for a near‑term price appreciation.",2026-08-17T03:17:12.081980Z
TRENT.NS,cleared,0.55,"The stock is trading marginally below its 50‑day SMA (2978 vs 3011) with a neutral trend, an RSI of 54.6 and a modestly positive MACD (+6.66), suggesting limited upside momentum and a balanced risk‑reward profile. In the current risk‑on regime—characterized by a low VIX (14.25), stable credit spreads, and ample liquidity—the broader consumer‑cyclical sector has attracted modest institutional interest, as reflected by three recent 13F filings, supporting a neutral stance. Consequently, we maintain a HOLD rating on TRENT.NS, given the lack of decisive technical catalysts and the supportive yet non‑driving macro backdrop.",2026-08-17T03:17:11.097923Z
BAJFINANCE.NS,cleared,0.55,"The stock trades marginally above its 50‑day SMA (1087 vs 1020.9) with a neutral trend, RSI at 58 and a modest MACD reading of 22.3, while volume remains subdued at 0.43× average, suggesting limited near‑term price pressure; in a risk‑on backdrop—characterized by a low VIX (14.25), stable credit conditions and ample liquidity—the broader financial services sector has attracted modest institutional interest, as evidenced by three recent 13F filings, supporting a neutral stance. Consequently, we maintain a HOLD rating on BAJFINANCE.NS, reflecting a balanced risk‑reward profile given the current technical and macro fundamentals.",2026-08-17T03:16:13.387552Z
HCLTECH.NS,cleared,0.55,"The stock is trading marginally above its 50‑day SMA (1360 vs 1204.5) with a neutral trend, an RSI of 67.8 and a positive MACD (+47.8), suggesting modest upward momentum but limited upside given light volume (0.37× average) and a 52‑week high still 100 pts away. This technical backdrop aligns with the broader risk‑on regime—low VIX (14.25), stable credit spreads and ample liquidity—yet the absence of significant institutional accumulation (only three recent 13F filings in the technology sector) implies that demand is not accelerating. Consequently, the balance of price action, macro conditions, and muted institutional positioning supports a HOLD stance on HCLTECH.NS.",2026-08-17T03:16:12.783933Z
KOTAKBANK.NS,cleared,0.55,"The stock trades essentially flat, with price marginally above the 50‑day SMA (391.15 vs 391.01), a neutral MACD (+1.45) and RSI at 59.3, indicating no near‑term directional bias and modest momentum; volume remains below average (0.79×), limiting upside catalysts. In the prevailing risk‑on backdrop—characterized by low VIX (14.25), a stable credit environment and ample liquidity—the broader financial services sector has attracted modest institutional interest, as reflected by three recent 13F filings, but the lack of a decisive technical breakout suggests that the current valuation (mid‑range of the 52‑week band) warrants a HOLD stance pending clearer price impetus.",2026-08-17T03:16:12.182756Z
ITC.NS,cleared,0.5,"The neutral price trend, with ITC.NS trading at ₹278.2 — approximately 2.3% below the 50‑day SMA (₹284.8) and an RSI of 38 coupled with a bearish MACD divergence (‑1.48) and subdued volume (≈0.5× average), signals limited near‑term upside despite the broader risk‑on backdrop (VIX 14.3, 10‑yr Treasury 4.70%). In a risk‑on environment that favours consumer‑defensive exposure, recent 13F filings show modest institutional interest but do not indicate a decisive shift in positioning. Consequently, the balance of technical weakness and stable macro fundamentals supports a HOLD recommendation for ITC.NS.",2026-08-17T03:16:11.388955Z
BHARTIARTL.NS,cleared,0.55,"The stock is trading marginally above its 50‑day SMA (1992.1 vs 1887.8) with a neutral trend, a relatively elevated RSI at 66.8 and a modestly positive MACD (19.47), suggesting limited upside momentum amid normal‑to‑slightly elevated volume (≈1.8× average). In the current risk‑on regime—characterized by a low VIX (14.25), stable credit conditions and ample liquidity—the broader Communication Services sector has seen modest institutional interest, with only three recent 13F filings and no discernible accumulation pressure. Given the constrained technical upside, a broadly supportive macro backdrop but limited institutional conviction, we maintain a HOLD stance on BHARTIARTL.NS.",2026-08-17T03:16:10.584111Z
SBIN.NS,cleared,0.55,"SBIN.NS is marginally above its 50‑day SMA (1067.7 vs 1035.9) with an RSI of 64.8 and a positive MACD of 13.7, indicating limited upside momentum within a neutral price trend. The prevailing risk‑on environment—low VIX (14.3), stable credit conditions and ample liquidity—favours financials, yet recent 13F filings show only modest accumulation in the sector, supporting a HOLD recommendation.",2026-08-17T03:15:13.765974Z
INFY.NS,cleared,0.55,"The stock is trading in a neutral technical pattern with an elevated RSI (71.7) that signals overbought conditions, a still‑positive MACD (26.19) but muted participation (volume at 0.43 × average), suggesting limited near‑term upside despite the broader risk‑on backdrop (VIX 14.3, 10‑year Treasury 4.70%). In a risk‑on environment that typically benefits technology exposure, the modest institutional interest—reflected in only three recent 13F filings—does not indicate a strong conviction shift, reinforcing a neutral stance. Consequently, we maintain a HOLD rating on INFY.NS.",2026-08-17T03:15:12.922259Z
HDFCBANK.NS,cleared,0.55,"The stock is trading in a neutral technical regime, with price well below the 50‑day SMA (727 vs 770), an RSI of 40.1 and a bearish MACD divergence (‑14.46), indicating limited near‑term upside despite normal volume. In a risk‑on macro backdrop—characterized by low VIX (14.25), stable credit conditions and ample liquidity—the broader financial‑services sector has seen modest institutional accumulation (three recent 13F filings), reinforcing a neutral stance and justifying a HOLD recommendation.",2026-08-17T03:15:12.207944Z
TCS.NS,cleared,0.55,"Technicals show TCS trading modestly above its 50‑day SMA (2361 vs 2214) with a neutral trend, an RSI of 54.7 and a modest MACD reading of 52.73, while volume remains below average, indicating limited upside momentum. In the current risk‑on environment—low VIX (14.3), 10‑year Treasury yields near 4.7% and stable commodity prices—the technology sector has attracted modest institutional interest (three recent 13F filings), but the absence of a decisive directional bias justifies a HOLD position pending clearer catalysts.",2026-08-17T03:15:11.523662Z
RELIANCE.NS,cleared,0.55,"Reliance trades marginally above its 50‑day SMA at 1310, with a neutral trend, RSI 57.8 and a modestly positive MACD (+5.17), indicating limited upside momentum and no clear near‑term directional bias. The prevailing risk‑on environment—VIX ≈ 14, 10‑year Treasury yields near 4.7% and stable commodity prices—underpins the broader energy sector but does not materially shift Reliance’s valuation within its 52‑week range of 1,249.8‑1,466.6. Recent 13F filings show modest accumulation by large‑cap funds, supporting a balanced stance; consequently, we maintain a HOLD recommendation.",2026-08-17T03:15:10.726640Z
SUNPHARMA.NS,cleared,0.7,"The stock is trading marginally above its 50‑day SMA (1930 vs 1901.5) with a neutral trend, a modestly bullish MACD (+7.15) and an RSI of 32.6 that suggests limited downside risk despite light volume (0.37× average). In the current risk‑on regime—characterized by a low VIX (14.25), stable credit spreads (10‑year Treasury at 4.70%) and ample liquidity—health‑care equities have attracted incremental institutional interest, as evidenced by three recent 13F filings increasing exposure to the sector. Together, the technical resilience, favorable macro backdrop, and growing institutional positioning support a BUY stance on SUNPHARMA.NS.",2026-08-16T04:04:07.397864Z
TRENT.NS,cleared,0.55,"TRENT.NS is marginally below its 50‑day SMA (2,978 vs. 3,006) with RSI at 59.1 and a positive MACD (+6.43), indicating a neutral trend and limited upside potential. The prevailing risk‑on environment—VIX 14.3, 10‑year Treasury at 4.7%, stable DXY and commodity prices—supports consumer‑cyclical demand but does not materially shift the stock’s near‑term bias. Recent 13F filings show modest, steady accumulation by a few institutional investors, reinforcing a HOLD stance until clearer directional catalysts emerge.",2026-08-16T04:04:06.541272Z
BAJFINANCE.NS,cleared,0.55,"The stock is trading neutral to the upside, with price at ₹1,087 marginally above the 50‑day SMA (₹1,020.9) and a modestly positive MACD (+22.3) while RSI remains in the mid‑50s (58), suggesting limited momentum and a lack of decisive directional bias; light volume (≈0.43× average) further underscores the subdued participation. In the broader risk‑on backdrop—characterized by a low VIX (14.25), stable credit spreads, and ample liquidity—the financial services sector continues to benefit from favorable funding conditions, yet the absence of strong institutional inflows (only three recent 13F filings) tempers the upside case. Consequently, we maintain a HOLD stance, reflecting a balanced view of modest technical support against a supportive macro environment but insufficient conviction from institutional positioning to warrant a bullish call.",2026-08-16T04:03:10.713915Z
HCLTECH.NS,cleared,0.55,"The stock is trading in a neutral technical regime, with price ~13% above the 50‑day SMA (1360 vs 1204.5) and a modestly elevated RSI (67.8) that suggests limited upside momentum; the MACD remains positive (47.8) but the light 0.37× average volume underscores a lack of fresh conviction. In the broader risk‑on backdrop—characterized by a low VIX (14.25), stable 10‑year Treasury yields (4.70%), a near‑neutral DXY (99.7) and modest commodity prices—macro fundamentals are supportive but not a catalyst for sector‑specific outperformance. Recent 13F filings show only modest reallocation into the technology sector, indicating that institutional demand for HCLTech is neither expanding nor contracting, justifying a HOLD stance.",2026-08-16T04:03:10.026423Z
KOTAKBANK.NS,cleared,0.55,"KOTAKBANK.NS is trading marginally above its 50‑day SMA (391.15 vs 390.74) with a neutral trend, RSI at 59.1 and a modestly positive MACD (+1.45), indicating limited upside momentum and no clear directional bias. The broader risk‑on environment—low VIX (14.25), stable credit conditions and ample liquidity—underpins financials, yet the stock remains near the lower‑mid of its 52‑week range (344.9‑431.7) on sub‑average volume, suggesting muted demand. Recent 13F filings show modest institutional accumulation within the sector, supporting a neutral positioning; consequently, we maintain a HOLD rating.",2026-08-16T04:03:09.238826Z
ITC.NS,cleared,0.5,"ITC trades on a neutral technical backdrop, with the price at ₹278.2—approximately 2.3 % below the 50‑day SMA—while RSI sits at 38 and MACD remains negative (‑1.48), reflecting modest downside momentum and light volume (≈0.47× average). The broader risk‑on environment—low VIX (14.3), 10‑year Treasury yields near 4.7 % and stable commodity prices—provides a supportive backdrop for consumer‑defensive names but does not generate a clear catalyst for ITC. Recent 13F filings indicate continued, albeit modest, positioning by defensive funds, reinforcing a HOLD stance pending clearer directional impetus.",2026-08-16T04:03:08.447029Z
BHARTIARTL.NS,cleared,0.55,"The stock trades marginally above its 50‑day SMA (1992.1 vs 1887.8) in a neutral trend, with RSI at 66.8 and a positive MACD (+19.5) that suggest modest momentum but no clear breakout, while volume remains only 1.8× average, indicating limited new buying pressure. In the prevailing risk‑on regime—characterized by a low VIX (14.25), stable credit spreads, and ample liquidity—the broader Communication Services sector has attracted modest institutional interest, as evidenced by three recent 13F filings, yet BHARTIARTL.NS remains near the upper end of its 52‑week range (≈2031) and lacks a decisive catalyst. Consequently, the balance of technical and macro fundamentals supports a HOLD stance, with upside constrained by resistance and downside buffered by sector‑wide risk‑on support.",2026-08-16T04:03:07.480083Z
SBIN.NS,cleared,0.55,"SBIN.NS is trading modestly above its 50‑day SMA (1067.7 vs 1035.98) with an RSI of 64.8 and a positive MACD (+13.74), reflecting limited upside momentum within a neutral trend framework. The prevailing risk‑on environment—low VIX (14.25), 10‑year Treasury yields near 4.7% and stable credit conditions—generally favours financials, but recent 13F filings reveal only marginal net accumulation, indicating institutional investors are maintaining a cautious stance. Accordingly, we assign a HOLD rating.",2026-08-16T04:02:10.119368Z
INFY.NS,cleared,0.55,"The stock is trading marginally above its 50‑day SMA (1169.2 vs 1101.8) with a neutral trend and a high‑normal RSI of 69.8, while the MACD remains positive (25.3) but volume is subdued at 0.44× average, indicating limited near‑term momentum despite modest short‑term strength. In the current risk‑on regime—characterized by a low VIX (14.3), a 10‑year Treasury yield near 4.7% and stable credit conditions—the broader technology sector benefits from ample liquidity, yet there is no macro‑driven catalyst specific to Infosys. Institutional interest is modest, with only three recent 13F filings, suggesting that the market’s positioning is neither aggressively bullish nor bearish; consequently, the balance of technical, macro and positioning factors supports a HOLD stance.",2026-08-16T04:02:09.330273Z
HDFCBANK.NS,cleared,0.55,"The stock is trading below its 50‑day SMA (727 vs 770) with a neutral trend, an RSI of 40.1 and a bearish MACD divergence (‑14.46), suggesting limited upside momentum while still retaining modest downside cushion; volume remains at 0.66× average, indicating muted trader participation. In the broader risk‑on backdrop—characterized by a low VIX (14.25), stable credit conditions, and ample liquidity—the financial services sector has attracted modest institutional interest, as evidenced by three recent 13F filings, supporting a neutral stance. Consequently, we maintain a HOLD rating, reflecting a balance of technical weakness and macro‑driven support without a clear catalyst for directional movement.",2026-08-16T04:02:08.629730Z
TCS.NS,cleared,0.55,"TCS.NS trades marginally above its 50‑day SMA (2361 vs 2214) with a neutral trend, RSI at 54.7 and a modestly positive MACD (51.97), indicating limited upside momentum and no imminent directional bias. The broader risk‑on backdrop—characterized by a low VIX (14.25), stable credit spreads and ample liquidity—supports the technology sector, yet the absence of significant 13F inflows (only three recent filings) suggests institutional investors remain cautious, reinforcing a HOLD stance.",2026-08-16T04:02:08.016540Z
RELIANCE.NS,cleared,0.55,"The stock is trading marginally above its 50‑day SMA (1310 vs 1301.98) with a neutral trend, RSI at 57.8 and a modestly positive MACD (+5.17), suggesting limited upside momentum and a balanced risk‑reward profile. In the current risk‑on regime—characterized by a low VIX (14.25), stable credit spreads, and supportive liquidity—energy equities benefit from moderate oil prices (WTI $82.4) but face headwinds from a strong dollar (DXY ≈ 99.7) and elevated gold levels, which can dampen demand. Institutional interest remains steady, with three recent 13F filings indicating continued exposure without fresh accumulation, reinforcing a HOLD stance pending clearer directional catalysts.",2026-08-16T04:02:07.278440Z
SUNPHARMA.NS,cleared,0.7,"SUNPHARMA.NS trades marginally above its 50‑day SMA (1930 vs 1901) with a neutral trend, an RSI of 32.6 indicating oversold conditions, and a positive MACD (+7.15) that together suggest modest upside momentum despite light volume. The broader risk‑on environment—low VIX (14.3), stable credit conditions, and ample liquidity—has been supportive of Indian healthcare equities, and recent 13F filings reveal renewed institutional allocation to the sector, providing a compelling basis for a BUY stance.",2026-08-15T03:58:28.683022Z
TRENT.NS,cleared,0.55,"The stock is trading marginally below its 50‑day SMA (2,978 vs 3,011) with a neutral trend, RSI at 54.6 and a modestly positive MACD (+6.66), suggesting limited upside momentum while volume remains at 1.46× average. In the prevailing risk‑on regime—characterized by a low VIX (14.25), a stable 10‑year Treasury yield (4.70%), and supportive liquidity—the consumer‑cyclical sector benefits from improved sentiment, yet recent 13F filings show only modest accumulation, indicating that institutional demand is not yet decisive. Consequently, the balance of technical and macro fundamentals supports a HOLD stance on TRENT.NS.",2026-08-15T03:58:27.732485Z
BAJFINANCE.NS,cleared,0.55,"The stock is trading in a neutral trend with price modestly above the 50‑day SMA (₹1,087 vs ₹1,021) and an RSI of 58, while a positive MACD (+22.3) suggests limited upward momentum amid light volume (0.43× average). This technical backdrop aligns with a broader risk‑on macro regime—characterized by a low VIX (14.25), stable credit conditions, and ample liquidity—as reflected in a 4.7% 10‑year Treasury yield and subdued commodity volatility. Recent 13F filings show only modest repositioning within the financial services sector, supporting a neutral stance; consequently, we maintain a HOLD recommendation on BAJFINANCE.NS.",2026-08-15T03:57:30.927642Z
HCLTECH.NS,cleared,0.55,"HCL Technologies (HCLTECH.NS) exhibits a neutral price trend with an overbought RSI (71.8) and a bullish‑biased MACD (+50.2), yet the light 0.37× average volume suggests limited conviction behind the short‑term move; the stock remains well within its 52‑week range (1,019.6‑1,467.3) and lacks decisive SMA crossovers. In the prevailing risk‑on regime—characterized by a low VIX (14.3), stable credit spreads, and ample liquidity—the broader technology sector continues to attract institutional capital, as evidenced by recent 13F filings across three funds, supporting a neutral stance. Accordingly, we maintain a HOLD rating, pending clearer directional catalysts.",2026-08-15T03:57:30.330161Z
KOTAKBANK.NS,cleared,0.55,"The stock is trading flat around its 50‑day moving average (391.15 vs 391.01) with a neutral trend, RSI at 59.3 and a modestly positive MACD (1.45), suggesting limited upside momentum and no immediate downside pressure, while volume remains below average (≈0.8×). These technical metrics align with the broader risk‑on backdrop—low VIX (14.25), stable credit conditions, and ample liquidity—that has been supportive of Indian financials, yet the sector’s valuation remains constrained within a 52‑week range of 344.9‑431.7. Recent 13F filings show continued institutional exposure to the financial services sector, reinforcing a “hold” stance pending clearer directional catalysts.",2026-08-15T03:57:29.631801Z
ITC.NS,cleared,0.5,"The stock is trading in a neutral trend, with price (₹278.2) modestly below the 50‑day SMA (₹284.8), an RSI of 38 and a bearish MACD divergence (‑1.48), while volume remains thin at 0.47× average, suggesting limited short‑term upside momentum and a proximity to the lower bound of its 52‑week range (₹275‑₹325). In the broader risk‑on backdrop—characterized by a low VIX (14.25), stable credit spreads, and ample liquidity—the consumer‑defensive sector remains a defensive anchor, yet recent 13F filings show only modest reallocation to the space, implying that institutional demand is not strong enough to lift the stock materially. Consequently, the balance of technical weakness, muted institutional positioning, and a neutral macro environment supports a HOLD stance on ITC.NS.",2026-08-15T03:57:28.825256Z
BHARTIARTL.NS,cleared,0.55,"The stock is trading marginally above its 50‑day SMA (1992.1 vs 1887.8) with a neutral price trend, an RSI of 66.8 and a strong MACD (+19.5), indicating limited upside momentum despite modestly elevated volume (≈1.8× average). In the prevailing risk‑on environment—VIX 14.3, 10‑year Treasury 4.7%, stable credit conditions and moderate commodity prices—the communication‑services sector remains attractive, yet recent 13F filings show only modest accumulation, suggesting no decisive institutional conviction. Accordingly, we assign a HOLD rating pending clearer directional catalysts.",2026-08-15T03:57:27.976352Z
SBIN.NS,cleared,0.55,"The stock is trading marginally above its 50‑day SMA (1067.7 vs 1035.98) with a neutral trend, an RSI of 64.8 and a modestly positive MACD (+13.74), suggesting limited upside momentum and no immediate downside pressure; volume remains subdued at roughly half of its average, reinforcing the lack of a decisive directional catalyst. In the broader risk‑on regime—characterized by a low VIX (14.25), stable credit spreads, and ample liquidity—the financial services sector has attracted modest institutional interest, as evidenced by three recent 13F filings, supporting a balanced stance. Accordingly, we maintain a HOLD rating on SBIN.NS, reflecting a neutral technical outlook amid supportive macro fundamentals and steady institutional positioning.",2026-08-15T03:56:29.916315Z
INFY.NS,cleared,0.55,"INFY.NS trades marginally above its 50‑day SMA (1169.2 vs 1101.8) with a neutral trend and a high‑normal RSI of 69.8, indicating limited upside momentum despite a positive MACD (+25.3) and subdued volume (0.44× average). In the prevailing risk‑on regime—characterized by a low VIX (14.3), moderate 10‑year Treasury yields (4.70%) and stable credit conditions—technology equities retain relative appeal, yet the stock’s proximity to its 52‑week high (1400.7) and lack of fresh institutional inflows (only three recent 13F filings) suggest that the near‑term risk‑reward profile is balanced, supporting a HOLD stance.",2026-08-15T03:56:29.186905Z
HDFCBANK.NS,cleared,0.55,"The stock is trading in a neutral technical context – price at ₹727 is 5.5% below the 50‑day SMA (₹770.4), RSI sits at 40.1 and MACD remains negative (‑14.46), indicating limited near‑term upside despite normal volume. In the broader risk‑on regime, low VIX (14.25) and stable credit conditions underpin the financial services sector, yet there is no macro‑driven catalyst to lift HDFC Bank beyond its current range (₹714.8‑₹914.4). Recent 13F filings show modest positioning without new accumulation, suggesting institutional investors are maintaining exposure rather than increasing conviction, supporting a HOLD stance.",2026-08-15T03:56:28.595859Z
TCS.NS,cleared,0.55,"TCS.NS trades marginally above its 50‑day SMA (2361 vs 2214) with a neutral trend, RSI at 54.7 and a modestly positive MACD (51.97), suggesting limited upside momentum and no immediate downside pressure; volume remains subdued at 0.62× average, reinforcing the view that the price action is largely price‑driven rather than flow‑driven. The broader risk‑on backdrop—characterized by low VIX (14.25), a stable 10‑year Treasury yield (4.70%), and supportive liquidity—mitigates macro‑related downside risk for Indian technology equities, yet does not materially alter the stock’s near‑term technical balance. Recent 13F filings indicate continued institutional exposure to the technology sector without fresh accumulation, aligning with a neutral stance and supporting a HOLD recommendation.",2026-08-15T03:56:27.951598Z
RELIANCE.NS,cleared,0.55,"The stock trades in a neutral trend with price modestly above the 50‑day SMA (1310 vs 1301.98), an RSI of 57.8 and a positive MACD (+5.17), suggesting limited upside momentum while preserving downside protection; volume remains near average, indicating no acute supply‑demand imbalance. In the current risk‑on backdrop—characterized by a low VIX (14.25), stable 10‑year Treasury yields (4.70%), a modestly strong dollar (DXY ≈ 99.6) and supportive commodity fundamentals (oil at $82.4)—the broader market environment is conducive but not a catalyst for further equity rally. Recent 13F filings show continued institutional exposure to the energy sector, reinforcing a balanced stance; therefore, we maintain a HOLD rating on RELIANCE.NS pending clearer directional drivers.",2026-08-15T03:56:27.369667Z
SUNPHARMA.NS,cleared,0.55,"SUNPHARMA.NS trades marginally above its 50‑day SMA (1918.8 vs 1898.2) with an RSI of 43.4 and a modest positive MACD of 8.3, indicating a neutral technical stance and limited upside momentum, further underscored by light volume (≈0.08× average) and a price positioned near the lower end of its 52‑week range (1609–2047). The prevailing risk‑on environment—VIX 14.6, 10‑year Treasury yield 4.64%, stable credit conditions, and modest commodity backdrop—provides a supportive macro backdrop but does not materially shift the stock’s near‑term risk‑reward profile. Recent 13F activity shows unchanged, modest exposure within the healthcare sector, reinforcing a wait‑and‑",2026-08-14T05:08:14.573717Z
TRENT.NS,cleared,0.55,"The stock is trading in a neutral technical context—price marginally below the 50‑day SMA (2986 vs 3011), RSI at 55.7 and a modestly positive MACD (+7.3) suggest limited upside momentum, while light volume (≈0.2× average) reduces conviction in any near‑term directional move. This aligns with the broader risk‑on backdrop (VIX 14.6, 10‑year Treasury at 4.64%, stable credit conditions) that is supportive of consumer‑cyclical equities but does not generate a catalyst sufficient to breach the current range. Recent 13F filings show modest institutional exposure to the sector without a decisive accumulation trend, reinforcing a neutral stance and justifying a HOLD recommendation.",2026-08-14T05:08:13.689005Z
BAJFINANCE.NS,cleared,0.55,"The stock trades marginally above its 50‑day SMA (1089.3 vs 1021.0) with a neutral trend, an RSI of 58.5 and a positive MACD (+22.47), suggesting modest upward momentum but limited upside given light volume (0.18× average) and proximity to the upper end of its 52‑week range (≈ 1176). In the prevailing risk‑on regime—characterized by a low VIX (14.6), stable credit conditions, and ample liquidity—the broader financial services sector continues to benefit, yet the modest institutional interest (three recent 13F filings) signals no decisive conviction shift. Consequently, the balance of technical and macro fundamentals supports a HOLD stance on BAJFINANCE.NS.",2026-08-14T05:07:18.851778Z
HCLTECH.NS,cleared,0.55,"HCL Technologies (HCLTECH.NS) trades at ₹1,359, modestly above its 50‑day SMA (₹1,204) while the RSI of 67.5 and a positive MACD (≈48) suggest limited upside momentum within a neutral trend and thin trading volume (≈0.08× average). The broader risk‑on backdrop—characterized by a low VIX (14.6), stable credit spreads (10‑yr Treasury 4.64%), and supportive liquidity—provides a favorable macro tailwind for Indian technology firms, yet recent 13F filings show only modest institutional accumulation, indicating no decisive conviction shift. Consequently, the stock merits a HOLD stance pending clearer directional catalysts.",2026-08-14T05:07:18.065837Z
KOTAKBANK.NS,cleared,0.55,"KOTAKBANK.NS is marginally above its 50‑day SMA (391.45 vs 390.74) with an RSI of 59.6 and a positive MACD (1.38), indicating a neutral technical stance and limited upside potential, further underscored by light trading volume (≈0.18× average). The stock benefits from the prevailing risk‑on environment—low VIX (14.6), stable credit conditions, and ample liquidity—but remains constrained within its 52‑week range (₹344.9‑₹431.7), tempering expectations for significant price appreciation. Recent 13F filings show modest accumulation by a handful of large institutional investors, supporting a HOLD recommendation pending clearer directional catalysts.",2026-08-14T05:07:17.366383Z
ITC.NS,cleared,0.5,"The stock is trading marginally below its 50‑day SMA (277.9 vs 284.8) with a neutral trend, RSI at 37.7 and a MACD of –1.5, suggesting limited upside momentum and modest oversold pressure amid light volume (≈0.12× average). In the broader risk‑on backdrop—characterized by a low VIX (14.6), stable 10‑year Treasury yields (4.64%), a near‑neutral DXY (99.9) and supportive commodity conditions—the macro environment does not materially alter the stock’s near‑term trajectory. Given its placement in the consumer‑defensive sector and the modest, non‑concentrated 13F positioning observed across three recent filings, the balance of technical and macro factors warrants a HOLD stance.",2026-08-14T05:07:16.592063Z
BHARTIARTL.NS,cleared,0.55,"The stock trades marginally above its 50‑day SMA (1957.7 vs 1887.1) with a neutral trend, RSI at 61.7 and a modestly positive MACD (16.73), while volume remains thin (≈0.23× average), indicating limited near‑term price pressure; concurrently, a risk‑on macro backdrop—characterized by a low VIX (14.6), stable 10‑year Treasury yields (4.64%), a near‑flat DXY (99.9), subdued gold prices and moderate oil—provides a supportive but non‑catalytic environment for equities. Recent 13F filings show modest institutional interest in the Communication Services sector, reinforcing the view that the market has largely priced in current fundamentals. Accordingly, we maintain a HOLD stance on BHARTIARTL.NS, as upside appears constrained absent a material earnings or sector‑specific catalyst.",2026-08-14T05:07:15.548480Z
SBIN.NS,cleared,0.55,"The stock trades marginally above its 50‑day SMA (1072.5 vs 1035.1) with a neutral trend, an RSI of 66.8 and a positive MACD (+14.12), suggesting modest upward momentum but limited conviction given light volume (≈12% of average). In the current risk‑on regime—characterized by low VIX (14.6), stable credit spreads and ample liquidity—the broader financial services sector remains well‑positioned, yet the absence of significant institutional inflows (only three recent 13F filings) tempers the upside case. Accordingly, we maintain a HOLD stance on SBIN.NS, reflecting a balanced view of the technical bias, macro backdrop, and muted institutional positioning.",2026-08-14T05:06:16.927107Z
INFY.NS,cleared,0.55,"The stock trades marginally above its 50‑day SMA (1166 vs. 1101.7) with a neutral trend, an RSI of 68.9 and a positive MACD of 25.03, but light volume (≈0.12× average) signals limited conviction in the near‑term upside. In a risk‑on environment—characterized by a low VIX (14.6), a 4.64% 10‑year Treasury yield and stable credit conditions—technology remains broadly supported, yet recent 13F filings show only modest accumulation, suggesting institutional investors are not aggressively repositioning. Accordingly, we maintain a HOLD rating on INFY.NS.",2026-08-14T05:06:16.233460Z
HDFCBANK.NS,cleared,0.55,"HDFCBANK.NS is trading in a neutral trend with price at ₹726.4, roughly 5.7% below the 50‑day SMA (₹770.4) and exhibiting modest oversold momentum (RSI 39.5) alongside a bearish MACD divergence (‑14.5) and subdued volume (0.23× average), suggesting limited upside potential in the near term. The broader risk‑on backdrop—characterized by a low VIX (14.6), stable credit conditions, and ample liquidity—mitigates systemic downside risk but does not materially alter the bank’s relative positioning, which remains constrained by sector‑wide exposure and modest institutional inflows reflected in three recent 13F filings. Consequently, we maintain a HOLD stance, pending clearer catalyst‑driven price action.",2026-08-14T05:06:15.392536Z
TCS.NS,cleared,0.55,"The stock trades marginally above its 50‑day SMA (2365.3 vs 2214.2) with a neutral trend, RSI at 55 and a modestly positive MACD (+53), suggesting limited upside momentum amid light volume (≈0.12× average). In the prevailing risk‑on regime—characterized by a low VIX (14.6), stable 10‑year Treasury yields (4.64%) and supportive liquidity—technology remains a favored sector, as reflected by recent 13F filings that have maintained exposure to TCS.NS. Consequently, the balance of technical modesty and macro‑driven sector bias supports a HOLD stance.",2026-08-14T05:06:14.684889Z
RELIANCE.NS,cleared,0.55,"The stock trades marginally above its 50‑day SMA (1306.1 vs 1301.9) with a neutral trend, RSI at 56.6 and a modestly positive MACD (4.85), while light volume (≈0.18× average) indicates limited fresh conviction; in the current risk‑on backdrop—characterized by a low VIX (14.6), stable credit conditions, and moderate oil prices ($81.35) that support the Energy sector—there is no material upside catalyst beyond the existing fundamentals. Moreover, the absence of new accumulation in recent 13F filings (only three tracked) suggests institutional positioning remains unchanged, reinforcing a neutral (hold) stance on RELIANCE.NS.",2026-08-14T05:06:14.139377Z
SUNPHARMA.NS,cleared,0.55,"The stock trades in a neutral technical context, with RSI at 51 and a modestly positive MACD (+11.8) suggesting limited directional bias, while subdued volume (≈0.5× average) and a price positioned near the lower end of its 52‑week range (≈1609‑2047) underscore a lack of immediate catalyst. This backdrop aligns with the prevailing risk‑on regime—characterized by low VIX (14.6), stable credit spreads (10‑yr Treasury at 4.64%), and ample liquidity—supporting a neutral stance for the healthcare sector. Moreover, recent 13F filings show modest, non‑concentrated exposure among institutional investors, reinforcing a HOLD recommendation pending clearer fundamental or technical drivers.",2026-08-14T03:17:10.798844Z
TRENT.NS,cleared,0.55,"The stock is trading marginally below its 50‑day SMA (2990 vs 3006.7) with a neutral trend, an RSI of 60.7 and a positive MACD (+10.0), suggesting limited upside momentum while volume remains at 0.72× average, indicating modest participation. In the broader risk‑on regime—characterized by a low VIX (14.6), a 4.64% 10‑year Treasury yield, a stable DXY near 100, and supportive commodity prices (gold $4,373, oil $81)—the consumer‑cyclical sector continues to benefit from improved liquidity, yet recent 13F filings show only modest reallocation to the name, reinforcing a balanced view. Consequently, we maintain a HOLD stance on TRENT.NS, reflecting the convergence of neutral technical bias, favorable macro fundamentals, and limited institutional inflow.",2026-08-14T03:17:10.087112Z
BAJFINANCE.NS,cleared,0.55,"The stock trades near its 52‑week high (1090.8 vs 1176.4) with a neutral trend, RSI at 64.2 and a bullish MACD (+24.93), while remaining modestly above the 50‑day SMA (1016.9) on light volume (0.23× average), suggesting limited upside momentum absent a catalyst. In the current risk‑on regime—characterized by a low VIX (14.6), stable credit spreads, and ample liquidity—the broader financial services sector has attracted modest institutional interest, as evidenced by three recent 13F filings, supporting a neutral stance. Consequently, we maintain a HOLD rating, reflecting a balanced risk‑reward profile given the technical constraints and supportive macro backdrop.",2026-08-14T03:16:12.362508Z
HCLTECH.NS,cleared,0.55,"The stock is trading near the upper end of its 52‑week range (≈ $1,370 vs. $1,019‑$1,467) with a neutral price trend, an overbought RSI of 75.4 and a modestly positive MACD (+50.2), while price remains only modestly above the 50‑day SMA ($1,200) and volume is thin (≈ 0.26× average), indicating limited near‑term upside momentum. In the prevailing risk‑on regime—characterized by low VIX (14.6), stable credit conditions and ample liquidity—but with a relatively high 10‑year Treasury yield (4.64%) that pressures growth‑oriented tech valuations, the macro backdrop does not materially alter the stock’s constrained technical outlook. Recent 13F filings show only modest, non‑concentrated exposure to the technology sector, reinforcing a neutral stance; consequently, we maintain a HOLD recommendation on HCLTECH.NS.",2026-08-14T03:16:11.713972Z
KOTAKBANK.NS,cleared,0.55,"The stock is trading marginally above its 50‑day SMA (392.4 vs 390.7) with a neutral trend, an RSI of 61.3 and a modestly positive MACD (+1.62), suggesting limited upside momentum and a lack of decisive directional bias, while light volume (≈0.46× average) underscores the absence of strong conviction from market participants. This technical backdrop aligns with the broader risk‑on environment—characterized by a low VIX (14.6), stable credit conditions, and ample liquidity—yet the sector’s recent 13F filings show only modest repositioning, indicating that institutional investors remain cautious on financials despite favorable macro fundamentals. Consequently, we maintain a HOLD stance on KOTAKBANK.NS, reflecting a balanced view of near‑term price stability amid supportive but non‑catalytic macro and positioning dynamics.",2026-08-14T03:16:11.014952Z
ITC.NS,cleared,0.5,"ITC Ltd. (ITC.NS) trades in a neutral technical context, with price (₹278.5) modestly below the 50‑day SMA (₹284.8), an RSI of 42.7 and a bearish MACD divergence (‑1.26), suggesting limited upside momentum while preserving downside protection. The broader risk‑on backdrop—characterized by a low VIX (14.6), stable credit spreads (10‑yr Treasury 4.64%), and supportive liquidity—mitigates macro‑driven headwinds for consumer‑defensive equities, yet does not materially alter the stock’s near‑term price dynamics. Recent 13F filings indicate continued institutional exposure within the sector, reinforcing a neutral stance and justifying a HOLD recommendation pending clearer directional catalysts.",2026-08-14T03:16:10.331470Z
BHARTIARTL.NS,cleared,0.6,"The stock trades marginally above its 50‑day SMA (1939.1 vs 1883.5) with a neutral trend, an RSI of 59.6 and a modest MACD expansion (16.68), suggesting limited upside momentum despite elevated volume (≈2× average). In the current risk‑on regime—characterized by low VIX (14.6), a stable 10‑year Treasury yield (4.64%) and supportive liquidity—communication‑services equities have attracted modest institutional interest, as evidenced by three recent 13F filings, but the lack of a decisive technical breakout and the proximity to the upper end of the 52‑week range (2031) warrant a HOLD stance.",2026-08-14T03:16:09.529271Z
SBIN.NS,cleared,0.55,"The stock is trading modestly above its 50‑day SMA (1083 vs 1034) with a neutral trend, an elevated RSI of 72.7 and a positive MACD of 14.44, indicating lingering momentum but overbought pressure that caps near‑term upside. In the prevailing risk‑on environment—low VIX (14.6), stable credit conditions, ample liquidity, and a 10‑year Treasury at 4.64%—the financial services sector is broadly supported, yet only three recent 13F filings show limited institutional accumulation, suggesting a cautious stance. Accordingly, we maintain a HOLD on SBIN.NS, reflecting balanced technical signals, supportive macro fundamentals, and restrained institutional demand.",2026-08-14T03:15:12.962583Z
INFY.NS,cleared,0.55,"INFY.NS trades marginally above its 50‑day SMA (1175 vs 1101.8) in a neutral trend, yet the RSI of 75.8 signals overbought momentum and the light 0.46× average volume suggests limited conviction behind the price advance; the MACD remains positive (26.55) but offers little directional bias. In the current risk‑on regime—characterized by a low VIX (14.6), stable credit spreads, and ample liquidity—the broader technology sector has attracted modest institutional interest, as evidenced by three recent 13F filings, supporting a balanced stance rather than a directional bet. Accordingly, we maintain a HOLD rating, reflecting the convergence of a technically constrained upside, a favorable macro backdrop, and restrained institutional positioning.",2026-08-14T03:15:12.331374Z
HDFCBANK.NS,cleared,0.55,"HDFCBANK.NS trades at ₹725, roughly 6% below its 50‑day SMA (770.6) with a neutral trend, an RSI of 36.2 and a MACD of –14.7, indicating short‑term oversold momentum but no clear directional bias; volume remains subdued at 0.72× average, suggesting limited immediate catalyst. The broader risk‑on backdrop—characterized by a low VIX (14.6), stable credit conditions, and ample liquidity—supports the banking sector, yet the stock’s proximity to its 52‑week low (₹714.8) tempers upside expectations. Recent 13F filings show modest positioning within the financial services space, reinforcing a balanced view and justifying a HOLD stance pending clearer technical confirmation.",2026-08-14T03:15:11.769884Z
TCS.NS,cleared,0.55,"TCS.NS is trading marginally above its 50‑day SMA (2375 vs 2211) with a neutral trend, RSI at 58.3 and MACD near zero, indicating limited directional bias and modest momentum; in the current risk‑on environment—characterized by a low VIX (14.6), stable credit conditions, and a 10‑year Treasury yield of 4.64%—the technology sector continues to attract institutional interest, as reflected by three recent 13F filings, yet the subdued volume (≈0.56× average) and absence of a clear technical catalyst suggest only incremental upside, justifying a HOLD rating.",2026-08-14T03:15:11.098499Z
RELIANCE.NS,cleared,0.55,"The stock trades in a neutral trend, with price marginally above the 50‑day SMA (1317 vs 1301.6), an RSI of 60.4 and a modestly positive MACD (+5.84), while volume remains below average, suggesting limited near‑term directional pressure within its 52‑week range. In the prevailing risk‑on regime—characterized by a low VIX (14.6), stable 10‑year Treasury yields (4.64 %), a near‑par DXY (≈100), elevated gold prices and moderate oil levels—the macro backdrop supports continued demand for energy exposure, yet does not furnish a clear catalyst for price appreciation. Recent 13F filings indicate modest institutional accumulation in the energy sector, reinforcing a balanced supply‑demand dynamic and justifying a HOLD stance pending a more decisive technical breakout or macro shift.",2026-08-14T03:15:10.145752Z
SUNPHARMA.NS,cleared,0.55,"SUNPHARMA.NS is trading marginally above its 50‑day SMA (1942.9 vs. 1891.9) with a neutral trend, RSI at 46.4 and a modestly positive MACD of 12.77, while volume remains light, suggesting limited near‑term directional bias. The broader risk‑on environment—low VIX (14.5), 10‑year Treasury yields near 4.7% and stable credit conditions—provides a defensive backdrop for healthcare, yet recent 13F filings show no material net positioning changes, indicating institutional sentiment is unchanged. Accordingly, we maintain a HOLD rating.",2026-08-13T05:11:48.482159Z
TRENT.NS,cleared,0.55,"The stock is trading marginally below its 50‑day SMA (2974.8 vs 3001.2) with a neutral trend, an RSI of 60.2 and a modestly positive MACD (+7.34), suggesting limited upside momentum and a lack of strong directional bias, while light volume (0.14× average) reinforces the absence of decisive market participation. This technical backdrop aligns with the broader risk‑on regime—characterized by a low VIX (14.55), a stable credit environment, and supportive liquidity—that typically benefits consumer‑cyclical equities, yet the recent 13F filings show only modest positioning changes, indicating institutional investors remain cautious. Consequently, the evidence supports a HOLD stance on TRENT.NS.",2026-08-13T05:11:47.124275Z
BAJFINANCE.NS,cleared,0.55,"The stock trades marginally above its 50‑day SMA (1085.5 vs 1009.1) with a neutral chart pattern, an RSI of 63 and a modestly positive MACD (+26.4), while volume remains thin (≈ 0.08× average), suggesting limited short‑term conviction despite a price still 8% below its 52‑week high. In the prevailing risk‑on regime—characterized by low VIX (14.5), stable credit spreads and ample liquidity—financial‑services equities benefit, yet Bajaj Finance’s upside is constrained by its proximity to the upper band of its range and the absence of notable institutional inflows (only three recent 13F filings with no material net buying). Consequently, the balance of technical modesty, macro‑driven sector tailwinds, and muted institutional positioning supports a HOLD stance.",2026-08-13T05:10:50.963837Z
HCLTECH.NS,cleared,0.55,"The stock trades marginally above its 50‑day SMA (1360 vs 1194) in a neutral trend, while an elevated RSI of 76 and a robust MACD reading (52.2) suggest limited upside momentum and potential overextension; light volume (0.06× average) further underscores a lack of conviction from market participants. In the current risk‑on regime—characterized by a low VIX (14.5), moderate Treasury yields (4.68%), and stable macro liquidity—the broader technology sector remains attractive, yet recent 13F filings show only modest reallocation to HCLTech, indicating institutional investors are maintaining exposure without adding new positions. Consequently, the evidence supports a HOLD stance pending clearer directional catalysts.",2026-08-13T05:10:49.908908Z
