Date,Open,High,Low,Close,Volume,Dividends,Stock Splits,Capital Gains,RSI_14,MA_50,MA_200,Vol_20d_Avg,Vol_Ratio,Momentum_5d,Volatility_20d,52w_High,52w_Low,Dist_from_52w_High,Dist_from_52w_Low
2025-10-01 00:00:00-04:00,659.4152702620313,665.5801794564833,659.3059076216911,664.6654052734375,72545400,0.0,0.0,0.0,,,,,,,,,,,
2025-10-02 00:00:00-04:00,666.6540464714482,666.7733621981591,663.004842335434,665.4309692382812,56896000,0.0,0.0,0.0,,,,,,,,,,,
2025-10-03 00:00:00-04:00,666.1966948783695,668.8714672806448,664.377038831869,665.421142578125,70494400,0.0,0.0,0.0,,,,,,,,,,,
2025-10-06 00:00:00-04:00,667.8174482099862,668.7024238148077,665.669704301124,667.8074951171875,54623300,0.0,0.0,0.0,,,,,,,,,,,
2025-10-07 00:00:00-04:00,668.7322238208072,669.1796881705657,663.8898014056139,665.3316040039062,72020100,0.0,0.0,0.0,,,,,,,,,,,
2025-10-08 00:00:00-04:00,666.4552183740389,669.398481470165,665.6299006256374,669.2990112304688,60702200,0.0,0.0,0.0,,,,,,0.6971336134344197,,,,,
2025-10-09 00:00:00-04:00,669.7166839203261,670.1243359074817,665.4211353124821,667.3600463867188,66501900,0.0,0.0,0.0,,,,,,0.28989891327806383,,,,,
2025-10-10 00:00:00-04:00,668.324542434099,670.1342452495495,649.14378031214,649.32275390625,159422600,0.0,0.0,0.0,,,,,,-2.419278204702513,,,,,
2025-10-13 00:00:00-04:00,656.9095884512618,661.3642043859337,656.0345659370097,659.2860107421875,79560500,0.0,0.0,0.0,,,,,,-1.2760390437823177,,,,,
2025-10-14 00:00:00-04:00,653.4492417720955,662.0602448848334,649.4718888267987,658.4805908203125,88779600,0.0,0.0,0.0,,,,,,-1.029714076764876,,,,,
2025-10-15 00:00:00-04:00,663.0446129876665,666.4352795829697,655.1992699391986,661.4039306640625,81702600,0.0,0.0,0.0,,,,,,-1.1796043971276093,,,,,
2025-10-16 00:00:00-04:00,663.0445999065358,664.9239136533134,653.3895542222015,656.8995971679688,110563300,0.0,0.0,0.0,,,,,,-1.567437139125416,,,,,
2025-10-17 00:00:00-04:00,655.7660892614911,661.9906565438909,654.4138037793879,660.62841796875,96500900,0.0,0.0,0.0,,,,,,1.7411470635344983,,,,,
2025-10-20 00:00:00-04:00,663.5418206897375,668.4041493887289,663.4921159142255,667.499267578125,60493400,0.0,0.0,0.0,52.42719461678241,,,,,1.2457805416941081,,,,,
2025-10-21 00:00:00-04:00,667.638493864759,669.1797060532549,666.1867381348511,667.4893188476562,56249000,0.0,0.0,0.0,52.41826143587246,,,,,1.368108362331677,,,,,
2025-10-22 00:00:00-04:00,668.1953369980629,668.1953369980629,659.5445816579371,664.0191040039062,80564000,0.0,0.0,0.0,48.84447463858612,,,,,0.3953973084523499,,,,,
2025-10-23 00:00:00-04:00,664.3372592841532,668.9012985038863,664.019063764971,667.9566650390625,65604500,0.0,0.0,0.0,51.94981235015705,,,,,1.683220376258876,,,,,
2025-10-24 00:00:00-04:00,672.6300829996666,674.628651928334,671.8246714345047,673.4155883789062,74356500,0.0,0.0,0.0,54.118012984673136,,,,,1.9356070768910216,,,,,
2025-10-27 00:00:00-04:00,678.8645527756448,681.658640907831,678.2580209918731,681.3603515625,63339800,0.0,0.0,0.0,60.894853658030655,,,,,2.076569167583786,,,,,
2025-10-28 00:00:00-04:00,683.1600908523567,685.0095454543999,680.9526890414517,683.1700439453125,61738100,0.0,0.0,0.0,59.71314835029102,,,76632905.0,0.8056343420623295,2.349209890688164,,,,,
2025-10-29 00:00:00-04:00,684.8206562449755,685.795149064121,679.0038013689816,683.4982299804688,85657100,0.0,0.0,0.0,61.5615287341646,,,77288490.0,1.1082775714728028,2.9335189091860725,14.01078637751815,,,,
2025-10-30 00:00:00-04:00,680.0279821977349,682.0564104652303,675.9810180664062,675.9810180664062,76335800,0.0,0.0,0.0,72.48787741177463,,,78260480.0,0.9754067442469047,1.201328386606404,14.690676796688459,,,,
2025-10-31 00:00:00-04:00,681.1614116072222,681.2012239761448,675.3942622450203,678.1983032226562,87164100,0.0,0.0,0.0,68.35198783242578,,,79093965.0,1.1020322473402364,0.7102174238739156,14.712154113855084,,,,
2025-11-03 00:00:00-05:00,681.7878948104295,681.9171636388411,676.0903560257897,679.4711303710938,57315000,0.0,0.0,0.0,70.18555669944557,,,79228550.0,0.7234134664839884,-0.27727195852735864,14.684670428134138,,,,
2025-11-04 00:00:00-05:00,672.2820616639051,676.1103005794487,670.7607556049009,671.4169921875,78427000,0.0,0.0,0.0,58.76420509182291,,,79548895.0,0.9858967871269614,-1.7203698935536638,15.296141858350914,,,,
2025-11-05 00:00:00-05:00,671.1583975728993,677.0051112074705,670.3529860359731,673.7437133789062,74402400,0.0,0.0,0.0,65.32756310996675,,,80233905.0,0.927318694010967,-1.427145846718758,15.203234162660564,,,,
2025-11-06 00:00:00-05:00,672.6399897028363,673.5448715272548,664.9338680034818,666.514892578125,85035300,0.0,0.0,0.0,55.0357248031011,,,81160575.0,1.0477414680711663,-1.4003537429731927,15.673721484133956,,,,
2025-11-07 00:00:00-05:00,664.1284090392404,667.2805048704689,657.4663915648358,667.1710815429688,100592400,0.0,0.0,0.0,49.685841054386835,,,78219065.0,1.2860342935574594,-1.6259583114980436,11.992793494461953,,,,
2025-11-10 00:00:00-05:00,673.4056154266486,678.3176487268574,671.2081667723378,677.5818481445312,75842900,0.0,0.0,0.0,58.056839709058025,,,78033185.0,0.9719313648417657,-0.27805187624831973,12.033263904063526,,,,
2025-11-11 00:00:00-05:00,676.1002762110339,679.6997756663966,674.8871520395073,679.1329956054688,58953400,0.0,0.0,0.0,62.44674498513183,,,76541875.0,0.7702110772697951,1.1492118173580534,11.996412245677089,,,,
2025-11-12 00:00:00-05:00,680.9129156193362,681.0819968300743,677.0946904605516,679.5109252929688,62312500,0.0,0.0,0.0,60.10790018592065,,,75572370.0,0.824540768008202,0.8559949131308642,11.95242775845569,,,,
2025-11-13 00:00:00-05:00,676.6472315164618,677.0051787486752,666.7237544337754,668.235107421875,103457800,0.0,0.0,0.0,45.88664615086385,,,75217095.0,1.3754559385735383,0.2580909838482581,13.273014766688481,,,,
2025-11-14 00:00:00-05:00,661.612768198211,671.8345335183507,659.5147291242073,668.1256713867188,96846700,0.0,0.0,0.0,37.998186751329214,,,75234385.0,1.2872664540289656,0.14308021887614597,13.155000637985193,,,,
2025-11-17 00:00:00-05:00,665.9083353081996,669.8956413839408,658.4209391867944,661.901123046875,90456100,0.0,0.0,0.0,32.142271473140894,,,76732520.0,1.1788495933666716,-2.3142185908013646,13.067664386614952,,,,
2025-11-18 00:00:00-05:00,658.3512953245886,661.354216097308,652.146634691611,656.3427734375,114467500,0.0,0.0,0.0,29.040631256624664,,,79643445.0,1.4372494811092111,-3.3557819036094005,13.371101782158402,,,,
2025-11-19 00:00:00-05:00,657.0388554539629,663.5617119214406,655.0203196831769,658.8783569335938,94703000,0.0,0.0,0.0,35.7000110231527,,,80350395.0,1.1786251953086229,-3.036385081002091,13.363324851158712,,,,
2025-11-20 00:00:00-05:00,669.1001291109939,671.7351497651099,648.1991802397498,648.8355712890625,165293500,0.0,0.0,0.0,28.290051436457162,,,85334845.0,1.9369988894923287,-2.903100408426318,14.133756518953437,,,,
2025-11-21 00:00:00-05:00,651.3412595795126,660.7874729698119,647.1650267848305,655.2987670898438,123956200,0.0,0.0,0.0,33.401620106487144,,,87814830.0,1.411563399940534,-1.9198340740675723,14.307843393450238,,,,
2025-11-24 00:00:00-05:00,658.9380055466532,666.2662734630499,657.8442577670318,664.9437866210938,80437900,0.0,0.0,0.0,45.65009642572676,,,88669735.0,0.9071629682890109,0.45968551317947526,14.695431684079269,,,,
2025-11-25 00:00:00-05:00,664.8444060411854,672.3815071629971,660.717877921785,671.1982421875,81077100,0.0,0.0,0.0,48.375245923992445,,,89636685.0,0.9045080147709612,2.2633705056576803,15.118245345802478,,,,
2025-11-26 00:00:00-05:00,673.7934667684052,677.8404309302599,672.8885849296569,675.8318481445312,71879600,0.0,0.0,0.0,56.15071258476676,,,88947810.0,0.8081098342949646,2.5730836401788526,15.362619111389039,,,,
2025-11-28 00:00:00-05:00,677.0051081523229,679.7991961322198,676.6471609574353,679.5208129882812,49212000,0.0,0.0,0.0,57.83894857716679,,,87591620.0,0.5618345681927107,4.72927858105181,14.979640285586326,,,,
2025-12-01 00:00:00-05:00,674.9667014318244,679.1230277654502,674.8970904760725,676.41845703125,61201200,0.0,0.0,0.0,49.186020789971074,,,86293475.0,0.7092216416131115,3.2229100682117817,15.031656447141795,,,,
2025-12-02 00:00:00-05:00,678.0591325179204,679.9483994968172,675.4838303983408,677.67138671875,62953800,0.0,0.0,0.0,48.973084143890866,,,86575415.0,0.7271556249542668,1.914086627131506,15.031234444357592,,,,
2025-12-03 00:00:00-05:00,676.7167950740063,681.0321891246488,675.8417725523884,680.0180053710938,57238500,0.0,0.0,0.0,50.34668033135763,,,85515990.0,0.6693309637180135,1.31403252112956,14.411890806984523,,,,
2025-12-04 00:00:00-05:00,681.4199577792665,681.4895687361658,677.4824173401821,680.51513671875,61970300,0.0,0.0,0.0,59.8468712559611,,,84894385.0,0.7299693613423314,0.6929665399872054,14.374329287126619,,,,
2025-12-05 00:00:00-05:00,681.5890143183475,684.4925257185774,680.7040993957534,681.8078002929688,79241000,0.0,0.0,0.0,60.76685142313714,,,84604670.0,0.936603144956419,0.3365588310136003,13.746556229299362,,,,
2025-12-08 00:00:00-05:00,682.7027235077143,682.7524282821314,677.7111260885928,679.7594604492188,55231500,0.0,0.0,0.0,65.04189342444428,,,82336625.0,0.6708011167569717,0.49392552542579793,13.826402081738642,,,,
2025-12-09 00:00:00-05:00,679.2822138612034,681.5095218770947,678.7253868572307,679.1727905273438,58310100,0.0,0.0,0.0,70.98720614589774,,,81459985.0,0.7158128006038793,0.22155337203528802,12.70499057846152,,,,
2025-12-10 00:00:00-05:00,678.6955405173951,685.0692222502689,677.4526176554032,683.6771850585938,85671300,0.0,0.0,0.0,72.00071909099967,669.9324145507812,,82795880.0,1.034729022748475,0.5381004118417687,12.894196659446747,,,,
2025-12-11 00:00:00-05:00,681.2609148661827,685.3476304583654,678.3076987410943,685.26806640625,86173700,0.0,0.0,0.0,88.02400778686018,670.3444677734375,,83988940.0,1.0260124725946058,0.6984311488525075,12.912986817838082,,,,
2025-12-12 00:00:00-05:00,684.2737672143002,684.9797692517327,675.3247225627367,677.9000854492188,113160300,0.0,0.0,0.0,73.15138995868637,670.5938500976563,,84474065.0,1.3395862978773425,-0.573140237185743,12.02611469241821,,,,
2025-12-15 00:00:00-05:00,681.8574988128718,681.8774049984522,675.4042533093998,676.8758544921875,90811000,0.0,0.0,0.0,64.84412134980934,670.8229443359374,,84172280.0,1.078870621064322,-0.42420975724642984,12.04910883422031,,,,
2025-12-16 00:00:00-05:00,675.3843754405706,677.2239376857725,671.1584377196804,675.0264282226562,122030600,0.0,0.0,0.0,55.3486912459216,670.9673229980468,,85751005.0,1.4230806974215637,-0.6105018284769725,11.540682176084289,,,,
2025-12-17 00:00:00-05:00,676.0406154817738,676.5874893555698,667.3998140691156,667.5986938476562,110625200,0.0,0.0,0.0,39.32985287138111,671.0126647949219,,85558890.0,1.2929714258798823,-2.351766529924426,11.855153415257606,,,,
2025-12-18 00:00:00-05:00,673.7635606688432,676.8857972779194,671.0788959983324,672.6399536132812,108650100,0.0,0.0,0.0,41.384412217847455,671.0794836425781,,86256245.0,1.2596201005504006,-1.842798958835823,12.049064115055529,,,,
2025-12-19 00:00:00-05:00,674.747283458469,679.2350273728672,674.6275542880097,678.7363891601562,103599500,1.993,0.0,0.0,52.69987246040514,671.3070104980469,,83171545.0,1.2456123064685163,0.12336681007840689,10.700455191217154,,,,
2025-12-22 00:00:00-05:00,682.0772531068674,683.4933686131409,678.7364013691785,682.96484375,69556700,0.0,0.0,0.0,55.76601397225228,671.9798522949219,,80451570.0,0.8645785284239947,0.899572531270243,10.423438628834392,,,,
2025-12-23 00:00:00-05:00,682.0572680421344,686.325640311278,682.0074163952171,686.0863037109375,64840000,0.0,0.0,0.0,56.5003000953244,672.5158581542969,,79671675.0,0.8138400504319759,1.6384359227833434,9.361076992734024,,,,
2025-12-24 00:00:00-05:00,686.0763204450832,688.9484813838191,685.9267046355759,688.4996948242188,39445600,0.0,0.0,0.0,58.21569472199439,673.116240234375,,77590100.0,0.5083844459538008,3.1307731979074216,8.93190851287188,,,,
2025-12-26 00:00:00-05:00,688.758988861415,689.7761694005526,687.392725060237,688.4298706054688,41613300,0.0,0.0,0.0,56.98965878899858,673.6567590332031,,76076785.0,0.5469907804332163,2.3474545196679797,8.690684456902629,,,,
2025-12-29 00:00:00-05:00,685.6674092439482,687.322922191004,684.2014421207446,685.9765625,62559500,0.0,0.0,0.0,56.50658636888009,674.2382983398437,,76744160.0,0.8151695190878367,1.0667135953624785,8.658295629429714,,,,
2025-12-30 00:00:00-05:00,685.5777200962995,686.6846823672308,684.7100944386586,685.138916015625,47160700,0.0,0.0,0.0,56.21129418642334,674.7285083007813,,76042135.0,0.6201916871481844,0.31832857657616564,8.478976527117975,,,,
2025-12-31 00:00:00-05:00,685.2685588951464,685.4879304984822,679.8533550408816,680.062744140625,74144800,0.0,0.0,0.0,46.281302081174736,674.9797778320312,,76601685.0,0.9679264888233202,-0.8779594546242886,8.930678343191524,,,,
2026-01-02 00:00:00-05:00,683.842447277036,684.999261161205,677.9684744567207,681.309326171875,89377200,0.0,0.0,0.0,45.89801060471141,675.2561779785157,,78208620.0,1.1428049746946052,-1.0443532083452167,8.870025514407905,,,,
2026-01-05 00:00:00-05:00,684.6701449336617,687.5522884526621,684.5106074856512,685.846923828125,71927200,0.0,0.0,0.0,58.747492337604925,675.692734375,,78706465.0,0.9138664784398588,-0.3751938850462766,9.169729764458584,,,,
2026-01-06 00:00:00-05:00,686.0563439630641,690.4344019511112,685.9067890249802,689.92578125,69273800,0.0,0.0,0.0,63.459596659053766,676.1321166992187,,78208105.0,0.8857624155450384,0.5757075337395445,9.36758645767923,,,,
2026-01-07 00:00:00-05:00,690.3047811958188,692.0699799720542,687.4426026835383,687.701904296875,75588300,0.0,0.0,0.0,62.97318469117354,676.4178430175781,,79225945.0,0.9540851800505503,0.37408301022439083,9.379108598757377,,,,
2026-01-08 00:00:00-05:00,686.9439569075789,688.7390423054183,685.6175622141362,687.632080078125,64019200,0.0,0.0,0.0,74.13969866838077,676.5432775878907,,79511400.0,0.805157499427755,1.11303493724908,9.367266971023767,,,,
2026-01-09 00:00:00-05:00,688.7489932725086,693.4162394407576,687.3029303433501,692.1796264648438,80125500,0.0,0.0,0.0,73.82830177444325,676.7234692382813,,79234110.0,1.0112500790379295,1.5955014668662448,9.365670025824494,,,,
2026-01-12 00:00:00-05:00,688.7988836287034,694.1941832506386,688.7490319805348,693.2666625976562,63976000,0.0,0.0,0.0,70.18565812992,676.918837890625,,78124225.0,0.818900923497161,1.0818359770599084,9.351379856246131,,,,
2026-01-13 00:00:00-05:00,693.595779418591,694.194181802135,689.467040360938,691.8804931640625,78309700,0.0,0.0,0.0,63.44772222610924,677.2368273925781,,76381695.0,1.025241715308884,0.28332205683356815,8.411411195244447,,,,
2026-01-14 00:00:00-05:00,689.1180078469732,689.8360176539858,684.1714948792828,688.479736328125,94676700,0.0,0.0,0.0,53.57991871373431,677.4424560546875,,76574980.0,1.2363920956949646,0.11310598769467273,8.63196171224222,,,,
2026-01-15 00:00:00-05:00,692.678285342935,693.5558934557131,689.3673203481677,690.3546142578125,77862000,0.0,0.0,0.0,52.81987711344644,677.6601257324219,,74366550.0,1.0470029872301458,0.3959289071240324,8.54728208494627,,,,
2026-01-16 00:00:00-05:00,691.7707369284135,692.359156800422,688.22043529661,689.7761840820312,79289200,0.0,0.0,0.0,52.01551889240575,678.0273095703125,,72799750.0,1.0891411028197213,-0.3472281313865788,7.303325582980889,,,,
2026-01-20 00:00:00-05:00,679.6338820353151,682.9049778344743,674.7272992054969,675.7345581054688,111623300,0.0,0.0,0.0,38.61670648665589,678.0671264648438,,72948410.0,1.5301676897412844,-2.528912096608693,10.380440030920028,,,,
2026-01-21 00:00:00-05:00,677.7989248999835,686.8641332264262,676.2830453044572,683.5332641601562,127844500,0.0,0.0,0.0,48.45456030134517,678.4074938964844,,74160660.0,1.723885682786534,-1.2064553179889859,10.69202711678972,,,,
2026-01-22 00:00:00-05:00,687.9711412752974,689.2476843606095,685.0491285530771,687.103515625,77112200,0.0,0.0,0.0,56.97905726219805,678.806142578125,,74538435.0,1.0345293672988976,-0.1998926955301239,10.624659395094302,,,,
2026-01-23 00:00:00-05:00,686.2757685331861,689.0781127396581,685.2884137823622,687.352783203125,63059600,0.0,0.0,0.0,56.11131410288061,679.0015612792969,,74449415.0,0.8470126998311538,-0.4348245079689561,10.505902002762552,,,,
2026-01-26 00:00:00-05:00,688.609372319757,692.2394730275811,688.0409174669724,690.84326171875,60473800,0.0,0.0,0.0,55.16175083359816,679.2357666015625,,75500825.0,0.8009687311363817,0.15469911274754722,10.587261472628958,,,,
2026-01-27 00:00:00-05:00,692.2893344912051,694.6329705879123,691.6810104865692,693.5957641601562,55506100,0.0,0.0,0.0,53.898319150122475,679.5174633789062,,76195465.0,0.7284698636592086,2.643228149343768,10.671284271266803,,,,
2026-01-28 00:00:00-05:00,695.1515053497095,695.9393926651097,692.0499903412962,693.5259399414062,61172200,0.0,0.0,0.0,56.48306552977545,680.0232800292969,,76126100.0,0.8035640864302782,1.4619150676635773,10.571212071616785,,,,
2026-01-29 00:00:00-05:00,694.4933553961189,695.1615135683285,682.9648421722587,692.1497192382812,97486200,0.0,0.0,0.0,54.886713700386494,680.5037609863281,,78642375.0,1.2396141393237425,0.7344167943444724,10.591803068473375,,,,
2026-01-30 00:00:00-05:00,689.9058246991844,692.3192774332931,685.2485609149509,690.0853271484375,101835100,0.0,0.0,0.0,47.60599739061878,681.0674450683593,,80026890.0,1.272511027230972,0.3975460654394469,10.26318164855049,,,,
2026-02-02 00:00:00-05:00,687.7019133171445,695.0318708971434,687.5423149981101,693.5159912109375,79286500,0.0,0.0,0.0,50.27051439454442,681.8109094238281,,79522355.0,0.9970341044351616,0.38687928800782423,10.366968478711035,,,,
2026-02-03 00:00:00-05:00,694.3138377504575,695.0617950648859,682.1670182684101,687.6520385742188,107904600,0.0,0.0,0.0,45.818540886303474,682.3863830566406,,81321225.0,1.3268934401812074,-0.8569437550032477,10.639614686041991,,,,
2026-02-04 00:00:00-05:00,688.4697490630058,689.5667896413613,679.9031787408285,684.3211059570312,105204600,0.0,0.0,0.0,45.88190212786019,683.09609375,,83117765.0,1.2657294141631454,-1.3272515783840255,10.549302033701617,,,,
2026-02-05 00:00:00-05:00,679.0854402743204,681.8279505601881,673.9494421186707,675.7744750976562,113610800,0.0,0.0,0.0,37.24706990271981,683.5056079101563,,85018890.0,1.336300673885533,-2.3658528907078313,11.361245881335662,,,,
2026-02-06 00:00:00-05:00,679.6039887472712,690.4244132010324,678.995603890688,688.739013671875,89127600,0.0,0.0,0.0,49.254370530413595,683.9815124511719,,86274310.0,1.033072301592444,-0.1950937693641075,13.40797041725796,,,,
2026-02-09 00:00:00-05:00,687.5423060693106,693.9747512796714,686.4652913399738,692.0599975585938,73885200,0.0,0.0,0.0,63.87525159255494,684.3987475585938,,85962295.0,0.8595070664411647,-0.20994377502405737,13.307501945216934,,,,
2026-02-10 00:00:00-05:00,693.0572335194393,694.64286887948,689.7761552680904,690.2349243164062,65185700,0.0,0.0,0.0,56.33957976322997,684.6868090820312,,86022780.0,0.7577725342054744,0.3756094066910354,13.326482871515497,,,,
2026-02-11 00:00:00-05:00,694.4933668556342,695.2413241987686,687.3029816841566,690.075439453125,76353900,0.0,0.0,0.0,53.005285728040526,684.8979016113282,,85924990.0,0.8886111013804017,0.8408820721737431,13.309331529339538,,,,
2026-02-12 00:00:00-05:00,692.3491972008484,693.4561594586687,678.5169776231163,679.41455078125,118829000,0.0,0.0,0.0,43.36895451161937,684.9578234863282,,87132605.0,1.3637719198226657,0.538652437718623,14.303198626598931,,,,
2026-02-13 00:00:00-05:00,679.833354327075,684.410879804094,675.6747287653898,679.8931884765625,96267500,0.0,0.0,0.0,40.36843529351132,685.0022595214843,,88052880.0,1.0932918945978825,-1.2843508237108225,14.258423208974024,,,,
2026-02-17 00:00:00-05:00,678.287593220413,683.074507822494,673.9394826742099,680.9901733398438,81354700,0.0,0.0,0.0,38.5796598173011,685.0217028808594,,88156155.0,0.9228476446142643,-1.5995468973501459,14.282375487373415,,,,
2026-02-18 00:00:00-05:00,682.157061237011,687.2730943282486,680.9702998190471,684.4208374023438,73570300,0.0,0.0,0.0,42.22451328282344,685.0998168945313,,86253505.0,0.8529543234214076,-0.8423345022451123,12.335726591547614,,,,
2026-02-19 00:00:00-05:00,681.9775120282383,684.311104689823,679.6937101433548,682.61572265625,58649400,0.0,0.0,0.0,41.91745721615505,685.1159753417969,,82793750.0,0.708379557635691,-1.0810001878615916,11.687771331969019,,,,
2026-02-20 00:00:00-05:00,680.4616860592505,688.1805961724377,679.8732661615737,687.5523071289062,100034000,0.0,0.0,0.0,47.952325362232315,685.2718322753906,,83939840.0,1.1917344612522491,1.1977600918759768,11.828671113600263,,,,
2026-02-23 00:00:00-05:00,685.9566804858357,688.1207533479937,678.5169762252317,680.531494140625,90558100,0.0,0.0,0.0,40.0792769938164,685.2990063476562,,85314765.0,1.0614587053014797,0.09388322678931527,12.375525298847428,,,,
2026-02-24 00:00:00-05:00,680.0427976196477,686.4751816677359,678.1479481229125,685.4779052734375,73798700,0.0,0.0,0.0,48.31524551225598,685.3350207519532,,85981010.0,0.858313946300468,0.6590009825816034,12.529223740915226,,,,
2026-02-25 00:00:00-05:00,688.3002642742074,691.7907319065998,688.2204651135966,691.26220703125,56369500,0.0,0.0,0.0,55.18169631832236,685.4549035644532,,86024180.0,0.6552750633600924,0.9995852339727218,12.830204112604058,,,,
2026-02-26 00:00:00-05:00,691.391808867856,691.4117130049051,682.486077089091,687.422607421875,71671000,0.0,0.0,0.0,59.35291252096334,685.6453540039063,,86549120.0,0.8280962302100818,0.7041860604851014,12.97338122955794,,,,
2026-02-27 00:00:00-05:00,681.2295779636313,684.9892686841309,679.7835149777827,684.1216430664062,83308900,0.0,0.0,0.0,45.611407289666495,685.7902697753906,,85840255.0,0.9705108634637677,-0.49896771880904023,13.057007473394936,,,,
2026-03-02 00:00:00-05:00,676.8515442239554,686.744509644098,676.1734035367807,684.5106201171875,87477200,0.0,0.0,0.0,42.40115399690613,685.9799536132813,,85122360.0,1.0276641766041261,0.5847085712891609,13.030115852897914,,,,
2026-03-03 00:00:00-05:00,673.221445388408,680.7508704958498,667.8361281509542,678.4771118164062,105003100,0.0,0.0,0.0,39.089483902684364,686.1975219726562,,86408190.0,1.2151984667194162,-1.0213011102434666,13.197892740084413,,,,
2026-03-04 00:00:00-05:00,679.7735096903759,685.2186606854194,677.7689744100875,683.2639770507812,79182200,0.0,0.0,0.0,44.179263597226466,686.4100024414063,,84972070.0,0.9318614928411183,-1.1570471955668737,13.193990609991701,,,,
2026-03-05 00:00:00-05:00,680.2223290726917,683.6629449535216,673.7699188745959,679.4544067382812,106606500,0.0,0.0,0.0,50.03857600773175,686.4243627929687,,85042165.0,1.2535722720605713,-1.1591414942662248,13.23000988307208,,,,
2026-03-06 00:00:00-05:00,671.5758690877306,674.2685275228549,667.9358467743081,670.5487060546875,100687000,0.0,0.0,0.0,42.22408451419574,686.1760400390625,,84395975.0,1.193030828780638,-1.9839946812501674,13.306965453647082,,,,
2026-03-09 00:00:00-04:00,664.5750801817165,678.0681991431876,660.5859743093405,676.4227294921875,102667700,0.0,0.0,0.0,46.479166137363,685.9827685546875,,85072980.0,1.2068191334075755,-1.1815580923514868,11.693423398844798,,,,
2026-03-10 00:00:00-04:00,675.87413967305,681.4987932365287,672.9222404542279,675.3356323242188,81505300,0.0,0.0,0.0,42.73410652920962,685.7194873046875,,85453985.0,0.9537916809848014,-0.46301922901675896,11.49900448391151,,,,
2026-03-11 00:00:00-04:00,675.7345715953234,678.2277626375325,671.5061293267642,674.4879760742188,68441700,0.0,0.0,0.0,43.39873868889874,685.4406494140625,,85616785.0,0.7993958194062064,-1.2844231909375559,11.486511643956089,,,,
2026-03-12 00:00:00-04:00,669.3319958917509,669.8207124533001,664.0564256954588,664.2459106445312,108882200,0.0,0.0,0.0,32.57271636919269,685.0060363769531,,87243200.0,1.2480307920846554,-2.2383394592667916,12.512265850072984,,,,
2026-03-13 00:00:00-04:00,667.4472371497842,670.5088831921612,659.5587462493693,660.4862060546875,97200200,0.0,0.0,0.0,34.24272258302243,684.5129821777343,,86161760.0,1.128112981907519,-1.5006367038130297,11.549320360780795,,,,
2026-03-16 00:00:00-04:00,666.5596317087426,670.239584206393,665.3030536555561,667.2078857421875,82023100,0.0,0.0,0.0,36.028188578566,684.2558850097656,,85449540.0,0.959901012925289,-1.3622906724198747,12.245260181563324,,,,
2026-03-17 00:00:00-04:00,670.5586914524959,672.60309589337,667.8760155087483,668.9630126953125,87128000,0.0,0.0,0.0,31.826999602069236,684.0089587402343,,85738205.0,1.0162097515337531,-0.9436225965116618,12.278369413505455,,,,
2026-03-18 00:00:00-04:00,666.5396583763402,667.8959397089973,659.3892034355257,659.6285400390625,82062600,0.0,0.0,0.0,29.210812725752078,683.4845910644531,,86162820.0,0.9524131173979682,-2.203069077916542,12.902768246847462,,,,
2026-03-19 00:00:00-04:00,655.1806813207687,661.1743225351036,653.3855958813168,658.0029907226562,111272500,0.0,0.0,0.0,29.96175234927111,682.8461352539063,,88793975.0,1.2531537190445636,-0.9398507121884059,12.901445184538222,,,,
2026-03-20 00:00:00-04:00,656.510009765625,656.6900024414062,644.719970703125,648.5700073242188,163617500,1.797,0.0,0.0,25.786480585219024,682.0634973144531,,91973150.0,1.7789702755641184,-1.8041555783047003,13.166945251311324,,,,
2026-03-23 00:00:00-04:00,658.0700073242188,662.6199951171875,653.9400024414062,655.3800048828125,134802700,0.0,0.0,0.0,34.600387245793655,681.4184558105469,,94185380.0,1.4312486715029444,-1.7727429654429083,13.680169534539873,,,,
2026-03-24 00:00:00-04:00,651.3200073242188,657.030029296875,649.8800048828125,653.1799926757812,96457500,0.0,0.0,0.0,29.225385949857284,680.6384631347656,,95318320.0,1.0119513226838242,-2.3593262587030095,13.254564413456785,,,,
2026-03-25 00:00:00-04:00,658.6699829101562,660.8900146484375,654.239990234375,656.8200073242188,90653800,0.0,0.0,0.0,34.333038167629326,679.9095300292969,,97032535.0,0.9342618947345857,-0.42577489365112076,12.980637328118597,,,,
2026-03-26 00:00:00-04:00,652.0599975585938,654.8499755859375,644.8200073242188,645.0900268554688,96494400,0.0,0.0,0.0,33.04119649793583,678.973720703125,,98273705.0,0.9818943938258967,-1.9624475951098286,14.052603313175943,,,,
2026-03-27 00:00:00-04:00,642.5,642.6599731445312,633.1099853515625,634.0900268554688,103649400,0.0,0.0,0.0,23.60354490463726,677.8859265136718,,99290730.0,1.0438980557399467,-2.2326009999274476,14.892888730694612,,,,
2026-03-30 00:00:00-04:00,640.1099853515625,640.3699951171875,629.280029296875,631.969970703125,99275900,0.0,0.0,0.0,23.303351551855897,676.7182336425781,,99880665.0,0.9939451244142197,-3.5719787001853076,14.806990497517782,,,,
2026-03-31 00:00:00-04:00,638.9400024414062,651.5399780273438,637.97998046875,650.3400268554688,152534100,0.0,0.0,0.0,37.77216241475995,675.9295104980469,,102257215.0,1.4916707833281007,-0.4347906935542323,18.73822623788616,,,,
2026-04-01 00:00:00-04:00,653.9000244140625,658.52001953125,653.0,655.239990234375,97841500,0.0,0.0,0.0,45.17882266988791,675.519619140625,,103190180.0,0.9481667732336546,-0.2405555665517034,18.769850848862465,,,,
2026-04-02 00:00:00-04:00,646.4199829101562,658.2000122070312,645.1099853515625,655.8300170898438,68358700,0.0,0.0,0.0,47.41981983688318,674.9655541992188,,101277790.0,0.6749623979749163,1.664882386529487,18.74815539323283,,,,
2026-04-06 00:00:00-04:00,655.8599853515625,659.719970703125,655.52001953125,658.9299926757812,39105800,0.0,0.0,0.0,45.22106936699298,674.4020837402344,,98198730.0,0.39823121948725815,3.9174194149523167,18.374234560715465,,,,
2026-04-07 00:00:00-04:00,656.6500244140625,659.6099853515625,651.0599975585938,659.219970703125,69980400,0.0,0.0,0.0,44.27842899990251,673.8394274902344,,96564365.0,0.7247021196690933,4.311913740091455,18.033672850848287,,,,
2026-04-08 00:00:00-04:00,676.3900146484375,677.0800170898438,671.4600219726562,676.010009765625,93606100,0.0,0.0,0.0,58.84541662711847,673.5427624511718,,97169405.0,0.9633289408327652,3.947163306905166,20.36794478564422,,,,
2026-04-09 00:00:00-04:00,674.8400268554688,681.1599731445312,673.77001953125,679.9099731445312,57134400,0.0,0.0,0.0,61.54541945445188,673.2690466308594,,96604040.0,0.5914286814505895,3.765030107721601,20.457109407746305,,,,
2026-04-10 00:00:00-04:00,681.3200073242188,682.030029296875,678.4500122070312,679.4600219726562,42253500,0.0,0.0,0.0,67.98230840620741,672.9877282714843,,93272605.0,0.4530108277773522,3.603068518831676,19.6144084125304,,,,
2026-04-13 00:00:00-04:00,677.4099731445312,686.2999877929688,676.5800170898438,686.0999755859375,54185800,0.0,0.0,0.0,67.91879444844764,672.8667333984375,,91121885.0,0.5946518775374324,4.12334894634625,19.662897201433474,,,,
2026-04-14 00:00:00-04:00,687.6900024414062,694.5800170898438,687.6599731445312,694.4600219726562,63480500,0.0,0.0,0.0,72.46409833647986,672.9542272949219,,90194755.0,0.7038158704461251,5.345719613431021,19.78649534389473,,,,
2026-04-15 00:00:00-04:00,695.260009765625,700.280029296875,694.2000122070312,699.9400024414062,58240400,0.0,0.0,0.0,73.00469942195026,673.0827075195313,,88750375.0,0.6562270863644238,3.5398873286029975,19.89382704885499,,,,
2026-04-16 00:00:00-04:00,701.0599975585938,702.780029296875,698.530029296875,701.6599731445312,49972400,0.0,0.0,0.0,83.78925617424375,673.3628662109375,,87145865.0,0.5734339776190184,3.198952928930865,18.94117500383735,,,,
2026-04-17 00:00:00-04:00,706.1400146484375,712.3900146484375,705.760009765625,710.1400146484375,70661900,0.0,0.0,0.0,96.83457661419152,673.8792443847656,,85115335.0,0.8301900004270676,4.515349201371555,19.07177000708095,,,,
2026-04-20 00:00:00-04:00,708.780029296875,709.9099731445312,706.1400146484375,708.719970703125,43546800,0.0,0.0,0.0,97.67673581305905,674.538154296875,,79111800.0,0.5504463303830781,3.2968949019229754,17.97977912102049,,,,
2026-04-21 00:00:00-04:00,710.280029296875,711.280029296875,702.6400146484375,704.0800170898438,58941400,0.0,0.0,0.0,90.24871228037455,674.8449743652344,,75318735.0,0.782559611496396,1.3852482234846697,18.242228039831947,,,,
2026-04-22 00:00:00-04:00,709.1500244140625,711.4500122070312,708.219970703125,711.2100219726562,42518500,0.0,0.0,0.0,90.56391446399329,675.2279748535157,,72621785.0,0.5854785860744128,1.610140796631132,18.182839043490812,,,,
2026-04-23 00:00:00-04:00,709.5,712.3599853515625,702.280029296875,708.4500122070312,56174000,0.0,0.0,0.0,86.9730607847779,675.5922766113281,,70897795.0,0.792323654071329,0.9677107605368995,18.40520800692817,,,,
2026-04-24 00:00:00-04:00,710.75,714.469970703125,709.010009765625,713.9400024414062,45182000,0.0,0.0,0.0,87.3963729065045,676.0695678710938,,68332175.0,0.6612112083363364,0.5351040237959293,16.549501949960494,,,,
2026-04-27 00:00:00-04:00,713.1699829101562,715.6300048828125,712.2999877929688,715.1699829101562,33135900,0.0,0.0,0.0,87.55542044978749,676.7846765136719,,64806500.0,0.5113051931519215,0.910093192468131,14.415476457218245,,,,
2026-04-28 00:00:00-04:00,711.8200073242188,712.8800048828125,709.25,711.6900024414062,43117400,0.0,0.0,0.0,79.15991184900601,677.4206127929688,,61998575.0,0.6954579197989631,1.0808409792706142,14.556822169591069,,,,
2026-04-29 00:00:00-04:00,711.0,712.2000122070312,708.3699951171875,711.5800170898438,41859200,0.0,0.0,0.0,77.59200490068874,678.0324096679688,,56464830.0,0.7413322593904914,0.05202332725307013,11.86013521517377,,,,
2026-04-30 00:00:00-04:00,714.6300048828125,719.7899780273438,710.4500122070312,718.6599731445312,67240900,0.0,0.0,0.0,80.61544357814171,678.7171923828125,,54934800.0,1.2240128297545454,1.4411688561756009,11.97157949263823,,,,
